Command,Motor,Time start,Duration,Start pos,Start cp X,Start cp Y,End pos,End cp X,End cp Y
Animation Name:,pose_scorpion,Controller name:,acrobot_poses,Duration:,33
Start positions,ArmL ArmR legL legR,112.412109375,112.412109375,245.44189453125,245.44189453125,0.0,0.0,0.0,0.0
sC,m_arm_l,0,33,112.412109375,8,0.0,112.412109375,-8,0.0
sC,m_arm_r,0,33,112.412109375,8,0.0,112.412109375,-8,0.0
sC,m_leg_l,0,33,245.44189453125,8,0.0,245.44189453125,-8,0.0
sC,m_leg_r,0,33,245.44189453125,8,0.0,245.44189453125,-8,0.0