Command,Motor,Time start,Duration,Start pos,Start cp X,Start cp Y,End pos,End cp X,End cp Y
Animation Name:,repeat_hump_small_3s,Controller name:,acrobot_act,Duration:,3000,Created at,03/12/2024 23:25:25,,
Start positions,ArmL ArmR legL legR,999.0,999.0,163.19091796875,161.982421875,0.0,0.0,0.0,0.0
sC,m_leg_r,0,1500,161.982421875,375,0.0,198.017578125,-375,0.0
sC,m_leg_l,0,1500,163.19091796875,375,0.0,198.017578125,-375,0.0
sC,m_leg_r,1500,1500,198.017578125,375,0.0,161.982421875,-375,0.0
sC,m_leg_l,1500,1500,198.017578125,375,0.0,163.19091796875,-375,0.0