Command,Motor,Time start,Duration,Start pos,Start cp X,Start cp Y,End pos,End cp X,End cp Y
Animation Name:,pose_planche,Controller name:,acrobot_poses
Start positions,ArmL ArmR legL legR,151.083984375,151.083984375,185.01708984375,185.01708984375,0.0,0.0,0.0,0.0
sC,m_arm_l,0,33,151.083984375,8,0.0,151.083984375,-8,0.0
sC,m_arm_r,0,33,151.083984375,8,0.0,151.083984375,-8,0.0
sC,m_leg_l,0,33,185.01708984375,8,0.0,185.01708984375,-8,0.0
sC,m_leg_r,0,33,185.01708984375,8,0.0,185.01708984375,-8,0.0