Command,Motor,Time start,Duration,Start pos,Start cp X,Start cp Y,End pos,End cp X,End cp Y
sC,m_leg_r,0,2000,182.70263671875,500,0.0,182.70263671875,-500,0.0
sC,m_arm_l,0,2000,180.0,500,0.0,57.83203125,-500,0.0
sC,m_leg_l,0,2000,182.999267578125,500,0.0,182.999267578125,-500,0.0
sC,m_arm_r,0,2000,180.0,500,0.0,57.83203125,-500,0.0
sC,m_arm_r,2000,2100,57.83203125,525,0.0,182.98828125,-525,0.0
sC,m_arm_l,2000,2100,57.83203125,525,0.0,182.98828125,-525,0.0
sC,m_leg_r,2000,2100,182.70263671875,525,0.0,182.70263671875,-525,0.0
sC,m_arm_l,4100,1900,182.98828125,475,0.0,-173.232421875,-475,0.0
sC,m_arm_r,4100,1900,182.98828125,475,0.0,540.0,-475,0.0